,precision,recall,f1-score,support
1,0.21525885558583105,0.028224365844944622,0.04990524320909665,2799.0
2,0.0,0.0,0.0,2702.0
3,0.49903038138332256,0.9741324921135647,0.6599700790767258,6340.0
4,0.0,0.0,0.0,350.0
5,0.0,0.0,0.0,552.0
accuracy,0.4908577258102488,0.4908577258102488,0.4908577258102488,0.4908577258102488
macro avg,0.14285784739383073,0.20047137159170186,0.14197506445716448,12743.0
weighted avg,0.29556322331907764,0.4908577258102488,0.33931531641596974,12743.0
