,precision,recall,f1-score,support
1,0.23333333333333334,0.3333333333333333,0.27450980392156865,21.0
2,0.23076923076923078,0.17647058823529413,0.2,17.0
3,0.36363636363636365,0.25,0.2962962962962963,32.0
4,0.0,0.0,0.0,1.0
5,0.0,0.0,0.0,1.0
accuracy,0.25,0.25,0.25,0.25
macro avg,0.16554778554778554,0.15196078431372548,0.154161220043573,72.0
weighted avg,0.28415889665889665,0.25,0.2589748244977003,72.0
