{
  "sgd": 0.353317,
  "pa": 0.298678,
  "gnb": 0.298678,
  "rule": 0.049327
}