{
  "sgd": 0.052111,
  "pa": 0.857959,
  "gnb": 0.044965,
  "rule": 0.044965
}