,precision,recall,f1-score,support
1,0.5922232464593983,0.7824402125775022,0.6741712377772477,9032.0
2,0.4445932373619016,0.15762611275964392,0.23273746933052927,8425.0
3,0.6892322616407982,0.6573052269873786,0.6728902418400136,30266.0
4,0.22196179538263214,0.3479059515062454,0.27101667024397225,5444.0
5,0.2953020134228188,0.49838187702265374,0.3708609271523179,1236.0
accuracy,0.5661268680036028,0.5661268680036028,0.5661268680036028,0.5661268680036028
macro avg,0.4486625108535097,0.48873187617068475,0.44433530926881615,54403.0
weighted avg,0.5795326603361829,0.5661268680036028,0.5578630354394447,54403.0
