,precision,recall,f1-score,support
1,0.7280506589080952,0.6690520190303936,0.6973056039340232,25433.0
2,0.7319824901845751,0.6596445565090081,0.6939334303071789,24589.0
3,0.7886589862232481,0.8266857899865334,0.8072247939362192,91337.0
4,0.35142837755309764,0.3661364439731354,0.358631673706807,14145.0
5,0.16741405082212257,0.12154096581660337,0.14083621502672117,1843.0
accuracy,0.7254412222667099,0.7254412222667099,0.7254412222667099,0.7254412222667099
macro avg,0.5535069127382277,0.5286119550631349,0.5395863433821899,157347.0
weighted avg,0.7234232249740044,0.7254412222667099,0.7236210395832569,157347.0
