{
  "sgd": 0.044365,
  "pa": 0.866904,
  "gnb": 0.044365,
  "rule": 0.044365
}