phase,rows,accuracy,balanced_acc,macro_f1,avg_confidence,median_confidence
PHASE3_TEST,54403,0.5661268680036028,0.48873187617068475,0.44433530926881615,0.7323277392790839,0.7829
