{
  "locked_from": "2024-01-01",
  "expert_weights": {
    "sgd": 0.044371,
    "pa": 0.86691,
    "gnb": 0.044371,
    "rule": 0.044347
  }
}