,precision,recall,f1-score,support
1,0.3560823754789272,0.5312611647016792,0.42637992831541216,2799.0
2,0.3216514642342775,0.24796447076239822,0.2800417972831766,2702.0
3,0.5088757396449705,0.4747634069400631,0.49122807017543857,6340.0
4,0.17647058823529413,0.008571428571428572,0.01634877384196185,350.0
5,0.49818840579710144,0.49818840579710144,0.49818840579710144,552.0
accuracy,0.4272934159930942,0.4272934159930942,0.4272934159930942,0.4272934159930942
macro avg,0.3722537146781141,0.35214977535453407,0.34243739508261817,12743.0
weighted avg,0.426023206510084,0.4272934159930942,0.419463108480809,12743.0
