{
  "sgd": 0.044402,
  "pa": 0.848711,
  "gnb": 0.062486,
  "rule": 0.044402
}