{
  "locked_from": "2024-01-01",
  "expert_weights": {
    "sgd": 0.060534,
    "pa": 0.842533,
    "gnb": 0.052251,
    "rule": 0.044682
  }
}