{
  "sgd": 0.292156,
  "pa": 0.408825,
  "gnb": 0.246975,
  "rule": 0.052044
}